Sample;Associatednumber;DNA_concentration_ng.uL;Station;StationNumber;Stromkilometer;Sample_type;Sample_date;SPM_mgperL;DOC_mg.L;TN_mg.L;DIC_mg.L;DOC_uM.L;DIC_uM.L;POC_mgperL;PTC_mgperL;PTN_mgperL;PTH_mgperL;BioSample;ERANumber;ProjectID
ML1;1;80;Muehlenberger Loch;2;633,022;Light_fraction;May-21;5,5;86,575;23,125;23,535;7,208,156,061;1,959,502,777;1,951,015,827;2,494,001,108;3,260,857,354;0,78551216;SAMEA110290250;ERS12387858;GROS22.1
ML2;2;153;Muehlenberger Loch;2;633,022;Light_fraction;May-21;5,5;86,575;23,125;23,535;7,208,156,061;1,959,502,777;191,664,967;2,383,047,515;2,545,059,398;0,68732314;SAMEA110290251;ERS12387859;GROS22.1
MH1;3;77;Muehlenberger Loch;2;633,022;Heavy_fraction;May-21;7,333,333,333;86,575;23,125;23,535;7,208,156,061;1,959,502,777;2,718,853,964;3,168,559,675;1,291,185,613;0,68732314;SAMEA110290252;ERS12387860;GROS22.1
MH2;4;200;Muehlenberger Loch;2;633,022;Heavy_fraction;May-21;7,333,333,333;86,575;23,125;23,535;7,208,156,061;1,959,502,777;2,661,904,332;3,277,549,488;3,012,439,134;0,88370118;SAMEA110290253;ERS12387861;GROS22.1
MF1;5;0,216;Muehlenberger Loch;2;633,022;Free_living;May-21;29,75;86,575;23,125;23,535;7,208,156,061;1,959,502,777;;;;;SAMEA110290254;ERS12387862;GROS22.1
MF2;6;18;Muehlenberger Loch;2;633,022;Free_living;May-21;29,75;86,575;23,125;23,535;7,208,156,061;1,959,502,777;;;;;SAMEA110290255;ERS12387863;GROS22.1
SchL1;7;157;Schwarztonnensand;4;665,546;Light_fraction;May-21;5,516,666,667;64,745;16,775;17,315;5,390,610,039;1,441,631,212;1,811,783,797;2,405,729,179;4,285,950,723;520,401,806;SAMEA110290256;ERS12387864;GROS22.1
SchL2;8;111;Schwarztonnensand;4;665,546;Light_fraction;May-21;5,516,666,667;64,745;16,775;17,315;5,390,610,039;1,441,631,212;2,756,853,115;3,047,198,047;3,793,041,843;726,598,748;SAMEA110290257;ERS12387865;GROS22.1
SchH1;9;85;Schwarztonnensand;4;665,546;Heavy_fraction;May-21;8,816,666,667;64,745;16,775;17,315;5,390,610,039;1,441,631,212;287,850,931;392,451,694;4,688,525,705;112,917,373;SAMEA110290258;ERS12387866;GROS22.1
SchH2;10;200;Schwarztonnensand;4;665,546;Heavy_fraction;May-21;8,816,666,667;64,745;16,775;17,315;5,390,610,039;1,441,631,212;2,609,962,341;3,084,411,685;4,382,175,963;814,968,866;SAMEA110290259;ERS12387867;GROS22.1
SchF1;11;0,843;Schwarztonnensand;4;665,546;Free_living;May-21;443,9;64,745;16,775;17,315;5,390,610,039;1,441,631,212;;;;;SAMEA110290260;ERS12387868;GROS22.1
SchF2;12;1,48;Schwarztonnensand;4;665,546;Free_living;May-21;443,9;64,745;16,775;17,315;5,390,610,039;1,441,631,212;;;;;SAMEA110290261;ERS12387869;GROS22.1
MGL1;13;15;Meedem Grund;6;711,515;Light_fraction;May-21;1,286,666,667;71,965;18,495;19,98;5,991,740,698;1,663,516,698;1,959,852,839;2,467,490,073;3,361,992,045;127,645,726;SAMEA110290262;ERS12387870;GROS22.1
MGL2;14;23;Meedem Grund;6;711,515;Light_fraction;May-21;1,286,666,667;71,965;18,495;19,98;5,991,740,698;1,663,516,698;1,951,015,827;2,705,107,501;2,463,562,512;108,007,922;SAMEA110290263;ERS12387871;GROS22.1
MGH1;15;109;Meedem Grund;6;711,515;Heavy_fraction;May-21;1,633,333,333;71,965;18,495;19,98;5,991,740,698;1,663,516,698;2,745,364,999;348,374,643;3,179,360,468;127,645,726;SAMEA110290264;ERS12387872;GROS22.1
MGH2;16;34;Meedem Grund;6;711,515;Heavy_fraction;May-21;1,633,333,333;71,965;18,495;19,98;5,991,740,698;1,663,516,698;2,974,145,416;2,205,325,389;3,195,070,711;0,9818902;SAMEA110290265;ERS12387873;GROS22.1
MGF1;17;3,34;Meedem Grund;6;711,515;Free_living;May-21;76,62;71,965;18,495;19,98;5,991,740,698;1,663,516,698;;;;;SAMEA110290266;ERS12387874;GROS22.1
MGF2;18;2,02;Meedem Grund;6;711,515;Free_living;May-21;76,62;71,965;18,495;19,98;5,991,740,698;1,663,516,698;;;;;SAMEA110290267;ERS12387875;GROS22.1
BHL1;20;200;BunthausSpitze;1;608,165;Light_fraction;May-21;7,766,666,667;8,884;48,735;19,82;7,396,737,909;1,650,195,243;;;;;SAMEA110290268;ERS12387876;GROS22.1
BHL2;21;200;BunthausSpitze;1;608,165;Light_fraction;May-21;7,766,666,667;8,884;48,735;19,82;7,396,737,909;1,650,195,243;;;;;SAMEA110290269;ERS12387877;GROS22.1
BHH1;22;200;BunthausSpitze;1;608,165;Heavy_fraction;May-21;8,3;8,884;48,735;19,82;7,396,737,909;1,650,195,243;;;;;SAMEA110290270;ERS12387878;GROS22.1
BHH2;23;200;BunthausSpitze;1;608,165;Heavy_fraction;May-21;8,3;8,884;48,735;19,82;7,396,737,909;1,650,195,243;;;;;SAMEA110290271;ERS12387879;GROS22.1
BHF1;24;100;BunthausSpitze;1;608,165;Free_living;May-21;34,03;8,884;48,735;19,82;7,396,737,909;1,650,195,243;;;;;SAMEA110290272;ERS12387880;GROS22.1
BHF2;25;109;BunthausSpitze;1;608,165;Free_living;May-21;34,03;8,884;48,735;19,82;7,396,737,909;1,650,195,243;;;;;SAMEA110290273;ERS12387881;GROS22.1
TL1;26;72;Twielenfleth;3;651,955;Light_fraction;May-21;1,976,666,667;88,185;22,505;28,025;7,342,203,202;2,333,336,109;6,891,887,314;1,215,776,446;4,192,671,154;29,456,706;SAMEA110290274;ERS12387882;GROS22.1
TL2;27;26;Twielenfleth;3;651,955;Light_fraction;May-21;1,976,666,667;88,185;22,505;28,025;7,342,203,202;2,333,336,109;5,827,518,337;1,044,632,984;451,767,681;274,929,256;SAMEA110290275;ERS12387883;GROS22.1
TH1;28;18;Twielenfleth;3;651,955;Heavy_fraction;May-21;13,3;88,185;22,505;28,025;7,342,203,202;2,333,336,109;5,827,518,337;7,160,925,229;3,770,458,368;216,015,844;SAMEA110290276;ERS12387884;GROS22.1
TH2;29;200;Twielenfleth;3;651,955;Heavy_fraction;May-21;13,3;88,185;22,505;28,025;7,342,203,202;2,333,336,109;5,879,558,518;7,114,776,389;2,480,254,645;225,834,746;SAMEA110290277;ERS12387885;GROS22.1
TF1;30;2,04;Twielenfleth;3;651,955;Free_living;May-21;326,4;88,185;22,505;28,025;7,342,203,202;2,333,336,109;;;;;SAMEA110290278;ERS12387886;GROS22.1
TF2;31;6;Twielenfleth;3;651,955;Free_living;May-21;326,4;88,185;22,505;28,025;7,342,203,202;2,333,336,109;;;;;SAMEA110290279;ERS12387887;GROS22.1
BbL1;32;13;Brunsbuettel;5;692,01;Light_fraction;May-21;1,176,666,667;80,185;24,975;22,885;667,613,045;1,905,384,366;1,762,492,909;2,904,431,212;3,997,275,004;166,921,334;SAMEA110290280;ERS12387888;GROS22.1
BbL2;33;7,4;Brunsbuettel;5;692,01;Light_fraction;May-21;1,176,666,667;80,185;24,975;22,885;667,613,045;1,905,384,366;2,096,335,577;3,341,372,351;1,653,503,097;137,464,628;SAMEA110290281;ERS12387889;GROS22.1
BbH1;34;16;Brunsbuettel;5;692,01;Heavy_fraction;May-21;12,9;80,185;24,975;22,885;667,613,045;1,905,384,366;1,898,975,647;2,871,046,945;0,988763431;117,826,824;SAMEA110290282;ERS12387890;GROS22.1
BbH2;35;25;Brunsbuettel;5;692,01;Heavy_fraction;May-21;12,9;80,185;24,975;22,885;667,613,045;1,905,384,366;2,189,615,146;3,505,348,014;1,578,879,442;127,645,726;SAMEA110290283;ERS12387891;GROS22.1
BbF1;36;2,05;Brunsbuettel;5;692,01;Free_living;May-21;89,25;80,185;24,975;22,885;667,613,045;1,905,384,366;;;;;SAMEA110290284;ERS12387892;GROS22.1
BbF2;37;2,06;Brunsbuettel;5;692,01;Free_living;May-21;89,25;80,185;24,975;22,885;667,613,045;1,905,384,366;;;;;SAMEA110290285;ERS12387893;GROS22.1
ML1;39;78;Muehlenberger Loch;2;632,88;Light_fraction;Jul-21;17;6,818;1,163;18,36;5,676,605,027;1,528,636,965;1,759,547,238;2,097,317,467;2,930,942,247;0,88370118;SAMEA110290286;ERS12387894;GROS22.1
ML2;40;4,56;Muehlenberger Loch;2;632,88;Light_fraction;Jul-21;17;6,447;0,9963;16,45;5,367,713,789;1,369,612,096;1,551,386,516;2,005,019,788;2,366,355,382;0,78551216;SAMEA110290287;ERS12387895;GROS22.1
MH1;41;22;Muehlenberger Loch;2;632,88;Heavy_fraction;Jul-21;21;6,818;1,163;18,36;5,676,605,027;1,528,636,965;181,846,065;2,150,339,538;3,424,833,018;0,88370118;SAMEA110290288;ERS12387896;GROS22.1
MH2;42;35;Muehlenberger Loch;2;632,88;Heavy_fraction;Jul-21;21;6,447;0,9963;16,45;5,367,713,789;1,369,612,096;1,771,329,921;2,194,524,597;333,940,857;0,88370118;SAMEA110290289;ERS12387897;GROS22.1
MF1;43;45;Muehlenberger Loch;2;632,88;Free_living;Jul-21;NA;6,818;1,163;18,36;5,676,605,027;1,528,636,965;;;;;SAMEA110290290;ERS12387898;GROS22.1
MF2;44;7;Muehlenberger Loch;2;632,88;Free_living;Jul-21;NA;6,447;0,9963;16,45;5,367,713,789;1,369,612,096;;;;;SAMEA110290291;ERS12387899;GROS22.1
SchL1;45;4,62;Schwarztonnensand;4;665,41;Light_fraction;Jul-21;38,25;4,55;0,7296;13,44;3,788,288,776;1,119,002,223;3,885,339,521;613,779,564;2,139,538,746;19,637,804;SAMEA110290292;ERS12387900;GROS22.1
SchL2;46;19;Schwarztonnensand;4;665,41;Light_fraction;Jul-21;38,25;4,498;0,6619;14,04;3,744,994,047;1,168,957,679;2,907,376,882;4,052,260,855;319,016,126;19,637,804;SAMEA110290293;ERS12387901;GROS22.1
SchH1;47;112;Schwarztonnensand;4;665,41;Heavy_fraction;Jul-21;55;4,55;0,7296;13,44;3,788,288,776;1,119,002,223;2,435,087,696;4,312,461,758;334,039,046;19,637,804;SAMEA110290294;ERS12387902;GROS22.1
SchH2;48;38;Schwarztonnensand;4;665,41;Heavy_fraction;Jul-21;55;4,498;0,6619;14,04;3,744,994,047;1,168,957,679;3,209,799,064;5,025,314,044;3,081,171,448;206,196,942;SAMEA110290295;ERS12387903;GROS22.1
SchF1;49;5,5;Schwarztonnensand;4;665,41;Free_living;Jul-21;NA;4,55;0,7296;13,44;3,788,288,776;1,119,002,223;;;;;SAMEA110290296;ERS12387904;GROS22.1
SchF2;50;4,56;Schwarztonnensand;4;665,41;Free_living;Jul-21;NA;4,498;0,6619;14,04;3,744,994,047;1,168,957,679;;;;;SAMEA110290297;ERS12387905;GROS22.1
MGL1;51;11;Meedem Grund;6;714,98;Light_fraction;Jul-21;26,75;3,234;0,5336;14,41;2,692,599,099;1,199,763,544;1,911,740,219;2,167,031,671;3,121,428,946;166,921,334;SAMEA110290298;ERS12387906;GROS22.1
MGL2;52;15;Meedem Grund;6;714,98;Light_fraction;Jul-21;26,75;4,088;0,6147;16,75;3,403,631,762;1,394,589,824;221,023,484;319,016,126;2,086,516,675;14,728,353;SAMEA110290299;ERS12387907;GROS22.1
MGH1;53;134;Meedem Grund;6;714,98;Heavy_fraction;Jul-21;34;3,234;0,5336;14,41;2,692,599,099;1,199,763,544;3,195,070,711;3,809,733,976;1,946,106,376;14,728,353;SAMEA110290300;ERS12387908;GROS22.1
MGH2;54;16;Meedem Grund;6;714,98;Heavy_fraction;Jul-21;34;4,088;0,6147;16,75;3,403,631,762;1,394,589,824;2,806,242,192;3,478,836,979;1,787,040,164;137,464,628;SAMEA110290301;ERS12387909;GROS22.1
MGF1;55;2,01;Meedem Grund;6;714,98;Free_living;Jul-21;NA;3,234;0,5336;14,41;2,692,599,099;1,199,763,544;;;;;SAMEA110290302;ERS12387910;GROS22.1
MGF2;56;5,7;Meedem Grund;6;714,98;Free_living;Jul-21;NA;4,088;0,6147;16,75;3,403,631,762;1,394,589,824;;;;;SAMEA110290303;ERS12387911;GROS22.1
TL1;57;11;Twielenfleth;3;651,32;Light_fraction;Jul-21;31;0,3657;0,00274;13,02;3,044,785,067;1,084,033,404;1,712,416,509;2,312,351,421;1,855,772,478;0,88370118;SAMEA110290304;ERS12387912;GROS22.1
TL2;58;24;Twielenfleth;3;651,32;Light_fraction;Jul-21;31;6,9;1,173;18,86;5,744,877,484;1,570,266,512;1,674,122,791;1,928,432,353;1,715,362,179;0,88370118;SAMEA110290305;ERS12387913;GROS22.1
TH1;59;21;Twielenfleth;3;651,32;Heavy_fraction;Jul-21;32;0,3657;0,00274;13,02;3,044,785,067;1,084,033,404;2,102,226,918;2,328,061,664;1,514,074,688;108,007,922;SAMEA110290306;ERS12387914;GROS22.1
TH2;60;14;Twielenfleth;3;651,32;Heavy_fraction;Jul-21;32;6,9;1,173;18,86;5,744,877,484;1,570,266,512;1,895,048,086;1,834,170,894;3,619,247,277;0,9818902;SAMEA110290307;ERS12387915;GROS22.1
TF1;61;6,3;Twielenfleth;3;651,32;Free_living;Jul-21;NA;0,3657;0,00274;13,02;3,044,785,067;1,084,033,404;;;;;SAMEA110290308;ERS12387916;GROS22.1
TF2;62;3,44;Twielenfleth;3;651,32;Free_living;Jul-21;NA;6,9;1,173;18,86;5,744,877,484;1,570,266,512;;;;;SAMEA110290309;ERS12387917;GROS22.1
BbL1;63;126;Brunsbuettel;5;692;Light_fraction;Jul-21;102,75;3,212;0,487;11,19;2,674,282,098;9,316,692,616;618,492,637;1,426,293,705;4,161,250,668;39,275,608;SAMEA110290310;ERS12387918;GROS22.1
BbL2;64;30;Brunsbuettel;5;692;Light_fraction;Jul-21;102,75;4,289;0,6347;14,69;3,570,982,541;122,307,609;9,402,580,555;9,536,117,622;2,867,119,384;29,456,706;SAMEA110290311;ERS12387919;GROS22.1
BbH1;65;34;Brunsbuettel;5;692;Heavy_fraction;Jul-21;380;3,212;0,487;11,19;2,674,282,098;9,316,692,616;2,347,601,279;3,963,105,225;3,996,293,114;1,099,717,024;SAMEA110290312;ERS12387920;GROS22.1
BbH2;66;86;Brunsbuettel;5;692;Heavy_fraction;Jul-21;380;4,289;0,6347;14,69;3,570,982,541;122,307,609;2,805,653,057;3,507,213,605;3,374,756,617;962,252,396;SAMEA110290313;ERS12387921;GROS22.1
BbF1;67;2,81;Brunsbuettel;5;692;Free_living;Jul-21;NA;3,212;0,487;11,19;2,674,282,098;9,316,692,616;;;;;SAMEA110290314;ERS12387922;GROS22.1
BbF2;68;1,12;Brunsbuettel;5;692;Free_living;Jul-21;NA;4,289;0,6347;14,69;3,570,982,541;122,307,609;;;;;SAMEA110290315;ERS12387923;GROS22.1
SEL1;69;56;Seemanshöft;1,5;629;Light_fraction;Nov-21;58;6,713;1,694;19,08;5,589,182,979;1,588,583,513;;;;;SAMEA110290316;ERS12387924;GROS22.1
SEL2;70;54;Seemanshöft;1,5;629;Light_fraction;Nov-21;58;8,879;2,522;21,16;7,392,574,954;1,761,762,429;;;;;SAMEA110290317;ERS12387925;GROS22.1
SEH1;71;78;Seemanshöft;1,5;629;Heavy_fraction;Nov-21;60;6,713;1,694;19,08;5,589,182,979;1,588,583,513;;;;;SAMEA110290318;ERS12387926;GROS22.1
SEH2;72;77;Seemanshöft;1,5;629;Heavy_fraction;Nov-21;60;8,879;2,522;21,16;7,392,574,954;1,761,762,429;;;;;SAMEA110290319;ERS12387927;GROS22.1
SEF1;73;0,402;Seemanshöft;1,5;629;Free_living;Nov-21;NA;6,713;1,694;19,08;5,589,182,979;1,588,583,513;;;;;SAMEA110290320;ERS12387928;GROS22.1
SEF2;74;0,195;Seemanshöft;1,5;629;Free_living;Nov-21;NA;8,879;2,522;21,16;7,392,574,954;1,761,762,429;;;;;SAMEA110290321;ERS12387929;GROS22.1
KOL1;75;30;Kollmar;4,1;665;Light_fraction;Nov-21;112;6,874;1,776;15,99;572,323,012;1,331,312,913;;;;;SAMEA110290322;ERS12387930;GROS22.1
KOL2;76;23;Kollmar;4,1;665;Light_fraction;Nov-21;112;10,17;2,326;21,81;8,467,449,857;181,588,084;;;;;SAMEA110290323;ERS12387931;GROS22.1
KOH1;77;52;Kollmar;4,1;665;Heavy_fraction;Nov-21;183;6,874;1,776;15,99;572,323,012;1,331,312,913;;;;;SAMEA110290324;ERS12387932;GROS22.1
KOH2;78;32;Kollmar;4,1;665;Heavy_fraction;Nov-21;183;10,17;2,326;21,81;8,467,449,857;181,588,084;;;;;SAMEA110290325;ERS12387933;GROS22.1
KOF1;79;6,6;Kollmar;4,1;665;Free_living;Nov-21;NA;6,874;1,776;15,99;572,323,012;1,331,312,913;;;;;SAMEA110290326;ERS12387934;GROS22.1
KOF2;80;6,2;Kollmar;4,1;665;Free_living;Nov-21;NA;10,17;2,326;21,81;8,467,449,857;181,588,084;;;;;SAMEA110290327;ERS12387935;GROS22.1
ML1;85;11;Muehlenberger Loch;2;633;Light_fraction;Feb-22;40,8;10,3;4,078;21,97;8,575,686,679;1,829,202,295;7,930,727,145;9,140,415,872;1,631,901,512;19,637,804;SAMEA110290328;ERS12387936;GROS22.1
ML2;86;9,3;Muehlenberger Loch;2;633;Light_fraction;Feb-22;40,8;10,34;4,08;21,92;8,608,990,317;182,503,934;7,861,994,831;8,781,044,059;3,619,247,277;186,559,138;SAMEA110290329;ERS12387937;GROS22.1
MH1;87;156;Muehlenberger Loch;2;633;Heavy_fraction;Feb-22;69,6;10,3;4,078;21,97;8,575,686,679;1,829,202,295;1,103,840,963;1,318,089,404;412,197,506;24,547,255;SAMEA110290330;ERS12387938;GROS22.1
MH2;88;44;Muehlenberger Loch;2;633;Heavy_fraction;Feb-22;69,6;10,34;4,08;21,92;8,608,990,317;182,503,934;1,062,994,331;1,323,195,234;1,483,636,092;24,547,255;SAMEA110290331;ERS12387939;GROS22.1
MF1;89;0,037;Muehlenberger Loch;2;633;Free_living;Feb-22;;10,3;4,078;21,97;8,575,686,679;1,829,202,295;;;;;SAMEA110290332;ERS12387940;GROS22.1
MF2;90;9,8;Muehlenberger Loch;2;633;Free_living;Feb-22;;10,34;4,08;21,92;8,608,990,317;182,503,934;;;;;SAMEA110290333;ERS12387941;GROS22.1
SchL1;91;16;Schwarztonnensand;4;665;Light_fraction;Feb-22;53,6;10,14;3,883;22,63;8,442,472,129;1,884,153,297;8,156,561,891;9,248,423,794;3,202,925,832;235,653,648;SAMEA110290334;ERS12387942;GROS22.1
SchL2;92;9,5;Schwarztonnensand;4;665;Light_fraction;Feb-22;53,6;9,698;3,777;20,07;8,074,466,934;1,671,010,016;7,934,654,706;1,057,692,123;451,767,681;225,834,746;SAMEA110290335;ERS12387943;GROS22.1
SchH1;93;15;Schwarztonnensand;4;665;Heavy_fraction;Feb-22;66,4;10,14;3,883;22,63;8,442,472,129;1,884,153,297;9,291,626,963;1,166,681,936;3,495,529,112;235,653,648;SAMEA110290336;ERS12387944;GROS22.1
SchH2;94;24;Schwarztonnensand;4;665;Heavy_fraction;Feb-22;66,4;9,698;3,777;20,07;8,074,466,934;1,671,010,016;9,483,095,552;1,145,374,918;4,381,194,072;235,653,648;SAMEA110290337;ERS12387945;GROS22.1
SchF1;95;1,17;Schwarztonnensand;4;665;Free_living;Feb-22;;10,14;3,883;22,63;8,442,472,129;1,884,153,297;;;;;SAMEA110290338;ERS12387946;GROS22.1
SchF2;96;4,53;Schwarztonnensand;4;665;Free_living;Feb-22;;9,698;3,777;20,07;8,074,466,934;1,671,010,016;;;;;SAMEA110290339;ERS12387947;GROS22.1
MGL1;97;46;Meedem Grund;6;712;Light_fraction;Feb-22;1,766,666,667;9,273;3,18;22,42;7,720,615,784;1,866,668,887;1,151,953,583;1,494,436,884;422,212,786;373,118,276;SAMEA110290340;ERS12387948;GROS22.1
MGL2;99;21;Meedem Grund;6;712;Light_fraction;Feb-22;1,766,666,667;9,718;3,36;23,47;8,091,118,752;1,954,090,936;1,156,666,656;1,437,683,631;4,286,932,613;373,118,276;SAMEA110290342;ERS12387950;GROS22.1
MGH2;100;41;Meedem Grund;6;712;Heavy_fraction;Feb-22;2,886,666,667;9,718;3,36;23,47;8,091,118,752;1,954,090,936;1,942,277,005;2,549,968,849;4,701,290,278;667,685,336;SAMEA110290343;ERS12387951;GROS22.1
MGF1;101;44;Meedem Grund;6;712;Free_living;Feb-22;;9,273;3,18;22,42;7,720,615,784;1,866,668,887;;;;;SAMEA110290344;ERS12387952;GROS22.1
MGF2;102;0,341;Meedem Grund;6;712;Free_living;Feb-22;;9,718;3,36;23,47;8,091,118,752;1,954,090,936;;;;;SAMEA110290345;ERS12387953;GROS22.1
TL1;103;23;Twielenfleth;3;651;Light_fraction;Feb-22;64;10,33;4,042;22,33;8,600,664,408;1,859,175,568;1,029,217,308;1,232,272,201;2,579,425,555;255,291,452;SAMEA110290346;ERS12387954;GROS22.1
TL2;104;48;Twielenfleth;3;651;Light_fraction;Feb-22;64;10,49;3,883;20,86;8,733,878,958;17,367,847;1,054,353,697;1,247,000,554;3,943,271,043;265,110,354;SAMEA110290347;ERS12387955;GROS22.1
TH1;105;0,532;Twielenfleth;3;651;Heavy_fraction;Feb-22;111,2;10,33;4,042;22,33;8,600,664,408;1,859,175,568;1,599,891,892;1,995,593,642;481,322,576;363,299,374;SAMEA110290348;ERS12387956;GROS22.1
TH2;106;29;Twielenfleth;3;651;Heavy_fraction;Feb-22;111,2;10,49;3,883;20,86;8,733,878,958;17,367,847;1,625,617,415;2,000,404,904;4,748,421,007;39,275,608;SAMEA110290349;ERS12387957;GROS22.1
TF2;108;44;Twielenfleth;3;651;Free_living;Feb-22;;10,49;3,883;20,86;8,733,878,958;17,367,847;;;;;SAMEA110290351;ERS12387959;GROS22.1
BbL1;109;200;Brunsbuettel;5;694;Light_fraction;Feb-22;96,8;10,75;3,696;23,1;8,950,352,602;1,923,285,071;1,214,892,744;1,509,459,804;417,401,524;363,299,374;SAMEA110290352;ERS12387960;GROS22.1
BbL2;110;35;Brunsbuettel;5;694;Light_fraction;Feb-22;96,8;10,77;3,687;24,18;8,967,004,421;2,013,204,892;12,313,885;1,502,193,817;4,572,662,661;373,118,276;SAMEA110290353;ERS12387961;GROS22.1
BbH1;111;20;Brunsbuettel;5;694;Heavy_fraction;Feb-22;82,8;10,75;3,696;23,1;8,950,352,602;1,923,285,071;1,027,548,094;1,278,519,229;3,575,062,218;29,456,706;SAMEA110290354;ERS12387962;GROS22.1
BbH2;112;29;Brunsbuettel;5;694;Heavy_fraction;Feb-22;82,8;10,77;3,687;24,18;8,967,004,421;2,013,204,892;1,015,470,845;129,246,207;2,765,984,693;29,456,706;SAMEA110290355;ERS12387963;GROS22.1
BbF1;113;0,0276;Brunsbuettel;5;694;Free_living;Feb-22;;10,75;3,696;23,1;8,950,352,602;1,923,285,071;;;;;SAMEA110290356;ERS12387964;GROS22.1
BbF2;114;0,182;Brunsbuettel;5;694;Free_living;Feb-22;;10,77;3,687;24,18;8,967,004,421;2,013,204,892;;;;;SAMEA110290357;ERS12387965;GROS22.1
ML1;117;31;Muehlenberger Loch;2;633;Light_fraction;May-22;68;7,714;1,784;11,08;6,422,606,509;9,225,107,612;2,838,644,568;3,266,748,695;2,705,107,501;0,88370118;SAMEA112714775;ERS14712341;GROS22.2
ML2;118;18;Muehlenberger Loch;2;633;Light_fraction;May-22;68;7,434;2;11,27;6,189,481,046;9,383,299,891;2,841,590,239;323,827,388;2,413,486,112;0,68732314;SAMEA112714776;ERS14712342;GROS22.2
MH1;119;76;Muehlenberger Loch;2;633;Heavy_fraction;May-22;245;7,714;1,784;11,08;6,422,606,509;9,225,107,612;8,076,046,895;103,000,282;3,428,760,578;186,559,138;SAMEA112714777;ERS14712343;GROS22.2
MH2;120;24;Muehlenberger Loch;2;633;Heavy_fraction;May-22;245;7,434;2;11,27;6,189,481,046;9,383,299,891;8,239,040,668;9,779,626,392;4,395,922,425;166,921,334;SAMEA112714778;ERS14712344;GROS22.2
MF1;121;5;Muehlenberger Loch;2;633;Free_living;May-22;;7,714;1,784;11,08;6,422,606,509;9,225,107,612;;;;;SAMEA112714779;ERS14712345;GROS22.2
MF2;122;9,6;Muehlenberger Loch;2;633;Free_living;May-22;;7,434;2;11,27;6,189,481,046;9,383,299,891;;;;;SAMEA112714780;ERS14712346;GROS22.2
SchL1;123;9,1;Schwarztonnensand;4;665;Light_fraction;May-22;39,6;7,286;2,711;11,02;6,066,257,587;9,175,152,156;3,427,778,688;4,182,852,252;2,524,439,704;0,88370118;SAMEA112714781;ERS14712347;GROS22.2
SchL2;124;13;Schwarztonnensand;4;665;Light_fraction;May-22;39,6;;;10,9;0;9,075,241,243;3,380,647,959;4,583,463,454;1,631,901,512;0,68732314;SAMEA112714782;ERS14712348;GROS22.2
SchH1;125;28;Schwarztonnensand;4;665;Heavy_fraction;May-22;45,2;7,286;2,711;11,02;6,066,257,587;9,175,152,156;4,597,209,916;6,246,785,452;3,351,191,253;0,9818902;SAMEA112714783;ERS14712349;GROS22.2
SchH2;126;10;Schwarztonnensand;4;665;Heavy_fraction;May-22;45,2;;;10,9;0;9,075,241,243;4,444,035,045;5,812,789,984;324,121,955;0,9818902;SAMEA112714784;ERS14712350;GROS22.2
SchF1;127;0,61;Schwarztonnensand;4;665;Free_living;May-22;;7,286;2,711;11,02;6,066,257,587;9,175,152,156;;;;;SAMEA112714785;ERS14712351;GROS22.2
SchF2;128;2,52;Schwarztonnensand;4;665;Free_living;May-22;;;;10,9;0;9,075,241,243;;;;;SAMEA112714786;ERS14712352;GROS22.2
MGL1;129;16;Meedem Grund;6;712;Light_fraction;May-22;31,6;8,531;2,461;17,84;7,102,833,307;1,485,342,237;3,662,450,446;456,677,132;2,674,668,905;0,58913412;SAMEA112714787;ERS14712353;GROS22.2
MGL2;130;13;Meedem Grund;6;712;Light_fraction;May-22;31,6;;;20,58;0;1,713,472,154;3,544,623,622;4,456,799,618;3,028,149,377;0,58913412;SAMEA112714788;ERS14712354;GROS22.2
MGH1;131;46;Meedem Grund;6;712;Heavy_fraction;May-22;47,6;8,531;2,461;17,84;7,102,833,307;1,485,342,237;4,561,861,869;5,733,256,878;2,411,522,331;0,68732314;SAMEA112714789;ERS14712355;GROS22.2
MGH2;132;20;Meedem Grund;6;712;Heavy_fraction;May-22;47,6;;;20,58;0;1,713,472,154;422,212,786;6,097,538,142;3,109,646,263;0,78551216;SAMEA112714790;ERS14712356;GROS22.2
MGF1;133;4,91;Meedem Grund;6;712;Free_living;May-22;;8,531;2,461;17,84;7,102,833,307;1,485,342,237;;;;;SAMEA112714791;ERS14712357;GROS22.2
MGF2;134;4,2;Meedem Grund;6;712;Free_living;May-22;;;;20,58;0;1,713,472,154;;;;;SAMEA112714792;ERS14712358;GROS22.2
TL1;135;6,3;Twielenfleth;3;651;Light_fraction;May-22;57;7,219;2,45;10,56;6,010,473,994;8,792,160,324;3,962,908,847;520,499,995;3,177,396,687;0,88370118;SAMEA112714793;ERS14712359;GROS22.2
TL2;136;18;Twielenfleth;3;651;Light_fraction;May-22;57;;;10,51;0;8,750,530,777;3,697,798,493;5,025,314,044;3,415,014,116;0,78551216;SAMEA112714794;ERS14712360;GROS22.2
TH1;137;27;Twielenfleth;3;651;Heavy_fraction;May-22;107;7,219;2,45;10,56;6,010,473,994;8,792,160,324;7,148,160,656;9,289,663,182;3,356,100,704;137,464,628;SAMEA112714795;ERS14712361;GROS22.2
TH2;138;15;Twielenfleth;3;651;Heavy_fraction;May-22;107;;;10,51;0;8,750,530,777;7,622,413,623;9,057,937,095;3,363,955,825;137,464,628;SAMEA112714796;ERS14712362;GROS22.2
TF1;139;1,74;Twielenfleth;3;651;Free_living;May-22;;7,219;2,45;10,56;6,010,473,994;8,792,160,324;;;;;SAMEA112714797;ERS14712363;GROS22.2
TF2;140;2,56;Twielenfleth;3;651;Free_living;May-22;;;;10,51;0;8,750,530,777;;;;;SAMEA112714798;ERS14712364;GROS22.2
BbL1;141;4,51;Brunsbuettel;5;694;Light_fraction;May-22;25,6;6,381;2,075;11,27;5,312,762,787;9,383,299,891;2,727,690,976;3,293,259,731;2,145,430,087;0,4909451;SAMEA112714799;ERS14712365;GROS22.2
BbL2;142;12;Brunsbuettel;5;694;Light_fraction;May-22;25,6;;;12,6;0;1,049,064,584;2,421,341,233;3,286,386,499;2,899,521,761;0,4909451;SAMEA112714800;ERS14712366;GROS22.2
BbH1;143;8,8;Brunsbuettel;5;694;Heavy_fraction;May-22;30,4;6,381;2,075;11,27;5,312,762,787;9,383,299,891;2,774,821,705;3,931,488,361;2,168,013,562;0,58913412;SAMEA112714801;ERS14712367;GROS22.2
BbH2;144;7,9;Brunsbuettel;5;694;Heavy_fraction;May-22;30,4;;;12,6;0;1,049,064,584;3,006,547,792;3,539,714,171;1,312,787,197;0,58913412;SAMEA112714802;ERS14712368;GROS22.2
BbF1;145;3,38;Brunsbuettel;5;694;Free_living;May-22;;6,381;2,075;11,27;5,312,762,787;9,383,299,891;;;;;SAMEA112714803;ERS14712369;GROS22.2
BbF2;146;1,44;Brunsbuettel;5;694;Free_living;May-22;;;;12,6;0;1,049,064,584;;;;;SAMEA112714804;ERS14712370;GROS22.2
ML1;147;33;Muehlenberger Loch;2;633;Light_fraction;Jun-22;62;7,58;1,45;12,1;6,313,537,096;1,007,435,037;569,299,938;6,661,143,117;2,697,252,379;117,826,824;SAMEA112714805;ERS14712371;GROS22.2
MH1;149;95;Muehlenberger Loch;2;633;Heavy_fraction;Jun-22;118;7,58;1,45;12,1;6,313,537,096;1,007,435,037;115,126,626;1,467,925,849;3,675,215,019;206,196,942;SAMEA112714806;ERS14712372;GROS22.2
MH2;150;27;Muehlenberger Loch;2;633;Heavy_fraction;Jun-22;118;;;11,72;0;9,757,965,814;1,217,052,903;1,440,236,545;402,673,171;225,834,746;SAMEA112714807;ERS14712373;GROS22.2
MF1;151;5,9;Muehlenberger Loch;2;633;Free_living;Jun-22;;7,58;1,45;12,1;6,313,537,096;1,007,435,037;;;;;SAMEA112714808;ERS14712374;GROS22.2
MF2;152;12;Muehlenberger Loch;2;633;Free_living;Jun-22;;;;11,72;0;9,757,965,814;;;;;SAMEA112714809;ERS14712375;GROS22.2
SchL1;153;59;Schwarztonnensand;4;665;Light_fraction;Jun-22;151,5;6,53;1,94;10,46;5,435,986,246;870,890,123;1,136,930,663;1,472,638,922;1,845,953,576;24,547,255;SAMEA112714810;ERS14712376;GROS22.2
SchL2;154;29;Schwarztonnensand;4;665;Light_fraction;Jun-22;151,5;;;10,39;0;8,650,619,864;1,136,046,961;146,880,955;3,053,678,522;24,547,255;SAMEA112714811;ERS14712377;GROS22.2
SchH1;155;52;Schwarztonnensand;4;665;Heavy_fraction;Jun-22;393;6,53;1,94;10,46;5,435,986,246;870,890,123;2,835,993,465;3,715,472,517;5,599,719,811;657,866,434;SAMEA112714812;ERS14712378;GROS22.2
SchH2;156;45;Schwarztonnensand;4;665;Heavy_fraction;Jun-22;393;;;10,39;0;8,650,619,864;2,831,182,203;3,594,110,888;5,707,727,733;628,409,728;SAMEA112714813;ERS14712379;GROS22.2
SchF1;157;0,625;Schwarztonnensand;4;665;Free_living;Jun-22;;6,53;1,94;10,46;5,435,986,246;870,890,123;;;;;SAMEA112714814;ERS14712380;GROS22.2
SchF2;158;2,01;Schwarztonnensand;4;665;Free_living;Jun-22;;;;10,39;0;8,650,619,864;;;;;SAMEA112714815;ERS14712381;GROS22.2
MGL1;159;26;Meedem Grund;6;712;Light_fraction;Jun-22;17;5,01;1,11;15,73;4,171,280,608;1,309,665,548;3,467,054,296;4,375,302,731;3,078,225,777;0,58913412;SAMEA112714816;ERS14712382;GROS22.2
MGL2;160;11;Meedem Grund;6;712;Light_fraction;Jun-22;17;;;15,32;0;127,552,932;3,492,583,441;4,157,323,107;2,826,861,886;0,58913412;SAMEA112714817;ERS14712383;GROS22.2
MGH1;161;39;Meedem Grund;6;712;Heavy_fraction;Jun-22;34;5,01;1,11;15,73;4,171,280,608;1,309,665,548;6,404,869,775;7,819,773,553;2,241,655,327;0,78551216;SAMEA112714818;ERS14712384;GROS22.2
MGF1;163;21;Meedem Grund;6;712;Free_living;Jun-22;;5,01;1,11;15,73;4,171,280,608;1,309,665,548;;;;;SAMEA112714819;ERS14712385;GROS22.2
MGF2;164;3,46;Meedem Grund;6;712;Free_living;Jun-22;;;;15,32;0;127,552,932;;;;;SAMEA112714820;ERS14712386;GROS22.2
TL1;165;42;Twielenfleth;3;651;Light_fraction;Jun-22;56,5;6,66;1,5;9,975;5,541,725,295;8,305,094,624;4,680,670,583;5,567,317,434;2,622,628,724;0,9818902;SAMEA112714821;ERS14712387;GROS22.2
TL2;166;33;Twielenfleth;3;651;Light_fraction;Jun-22;56,5;6,367;1,442;10,03;5,301,106,513;8,350,887,126;4,438,143,704;5,651,759,991;176,936,614;0,88370118;SAMEA112714822;ERS14712388;GROS22.2
TH1;167;10;Twielenfleth;3;651;Heavy_fraction;Jun-22;83,5;6,66;1,5;9,975;5,541,725,295;8,305,094,624;6,766,205,368;8,697,583,392;1,885,229,184;117,826,824;SAMEA112714823;ERS14712389;GROS22.2
TH2;168;37;Twielenfleth;3;651;Heavy_fraction;Jun-22;83,5;6,367;1,442;10,03;5,301,106,513;8,350,887,126;6,450,036,724;8,809,518,874;1,643,684,195;127,645,726;SAMEA112714824;ERS14712390;GROS22.2
TF1;169;0,011;Twielenfleth;3;651;Free_living;Jun-22;;6,66;1,5;9,975;5,541,725,295;8,305,094,624;;;;;SAMEA112714825;ERS14712391;GROS22.2
TF2;170;2,59;Twielenfleth;3;651;Free_living;Jun-22;;6,367;1,442;10,03;5,301,106,513;8,350,887,126;;;;;SAMEA112714826;ERS14712392;GROS22.2
BbL1;171;18;Brunsbuettel;5;694;Light_fraction;Jun-22;50,25;6,51;1,81;13,64;5,419,334,427;1,135,654,042;6,967,492,859;9,334,830,131;3,560,333,865;176,740,236;SAMEA112714827;ERS14712393;GROS22.2
BbL2;172;28;Brunsbuettel;5;694;Light_fraction;Jun-22;50,25;;;13,56;0;1,128,993,314;6,771,114,819;917,969,148;294,370,682;14,728,353;SAMEA112714828;ERS14712394;GROS22.2
BbH1;173;32;Brunsbuettel;5;694;Heavy_fraction;Jun-22;35,5;6,51;1,81;13,64;5,419,334,427;1,135,654,042;5,230,529,095;706,862,755;3,066,443,095;108,007,922;SAMEA112714829;ERS14712395;GROS22.2
BbH2;174;18;Brunsbuettel;5;694;Heavy_fraction;Jun-22;35,5;;;13,56;0;1,128,993,314;5,369,957,504;6,830,028,231;2,667,795,673;0,9818902;SAMEA112714830;ERS14712396;GROS22.2
BbF1;175;17;Brunsbuettel;5;694;Free_living;Jun-22;;6,51;1,81;13,64;5,419,334,427;1,135,654,042;;;;;SAMEA112714831;ERS14712397;GROS22.2
BbF2;176;11;Brunsbuettel;5;694;Free_living;Jun-22;;;;13,56;0;1,128,993,314;;;;;SAMEA112714832;ERS14712398;GROS22.2
ML1;177;103;Muehlenberger Loch;2;633;Light_fraction;Nov-22;20;5,712;1,562;12,48;4,755,759,448;1,039,073,493;1,395,265,974;1,153,720,985;2,125,792,283;0,58913412;SAMEA112714833;ERS14712399;GROS22.2
ML2;178;19;Muehlenberger Loch;2;633;Light_fraction;Nov-22;20;;;;0;0;1,456,143,167;107,811,544;2,607,900,371;0,39275608;SAMEA112714834;ERS14712400;GROS22.2
MH1;179;102;Muehlenberger Loch;2;633;Heavy_fraction;Nov-22;29;5,712;1,562;12,48;4,755,759,448;1,039,073,493;1,595,571,575;1,869,518,941;2,586,298,787;0,39275608;SAMEA112714835;ERS14712401;GROS22.2
MH2;180;4,01;Muehlenberger Loch;2;633;Heavy_fraction;Nov-22;29;;;;0;0;1,536,658,163;1,711,434,619;1,992,255,216;0,39275608;SAMEA112714836;ERS14712402;GROS22.2
MF1;181;70;Muehlenberger Loch;2;633;Free_living;Nov-22;;5,712;1,562;12,48;4,755,759,448;1,039,073,493;;;;;SAMEA112714837;ERS14712403;GROS22.2
MF2;182;76;Muehlenberger Loch;2;633;Free_living;Nov-22;;;;;0;0;;;;;SAMEA112714838;ERS14712404;GROS22.2
SchL1;183;167;Schwarztonnensand;4;665;Light_fraction;Nov-22;86;7,057;2,999;17,03;5,875,594,262;141,790,237;2,885,775,298;3,899,085,984;2,445,888,488;0,88370118;SAMEA112714839;ERS14712405;GROS22.2
SchL2;184;38;Schwarztonnensand;4;665;Light_fraction;Nov-22;86;;;;0;0;289,853,987;3,728,237,089;0,830679109;0,68732314;SAMEA112714840;ERS14712406;GROS22.2
SchH1;185;170;Schwarztonnensand;4;665;Heavy_fraction;Nov-22;185;7,057;2,999;17,03;5,875,594,262;141,790,237;5,417,088,233;7,247,331,566;1,776,239,372;0,9818902;SAMEA112714841;ERS14712407;GROS22.2
SchH2;186;173;Schwarztonnensand;4;665;Heavy_fraction;Nov-22;185;;;;0;0;5,299,261,409;765,776,167;3,610,410,265;117,826,824;SAMEA112714842;ERS14712408;GROS22.2
SchF1;187;0,279;Schwarztonnensand;4;665;Free_living;Nov-22;;7,057;2,999;17,03;5,875,594,262;141,790,237;;;;;SAMEA112714843;ERS14712409;GROS22.2
SchF2;188;0,0755;Schwarztonnensand;4;665;Free_living;Nov-22;;;;;0;0;;;;;SAMEA112714844;ERS14712410;GROS22.2
MGL1;189;8,5;Meedem Grund;6;712;Light_fraction;Nov-22;19;3,407;1,054;11,49;2,836,637,332;9,566,469,898;0,741327101;0,877809839;2,186,669,475;0,39275608;SAMEA112714845;ERS14712411;GROS22.2
MGL2;190;3,02;Meedem Grund;6;712;Light_fraction;Nov-22;19;;;;0;0;0,858172035;0,999564224;1,869,518,941;0,29456706;SAMEA112714846;ERS14712412;GROS22.2
MGH1;191;20;Meedem Grund;6;712;Heavy_fraction;Nov-22;59;3,407;1,054;11,49;2,836,637,332;9,566,469,898;118,023,202;1,792,931,505;1,832,207,113;0,29456706;SAMEA112714847;ERS14712413;GROS22.2
MGH2;192;11;Meedem Grund;6;712;Heavy_fraction;Nov-22;59;;;;0;0;1,287,258,052;1,377,591,951;2,678,596,466;0,29456706;SAMEA112714848;ERS14712414;GROS22.2
MGF1;193;6,5;Meedem Grund;6;712;Free_living;Nov-22;;3,407;1,054;11,49;2,836,637,332;9,566,469,898;;;;;SAMEA112714849;ERS14712415;GROS22.2
MGF2;194;0,633;Meedem Grund;6;712;Free_living;Nov-22;;;;;0;0;;;;;SAMEA112714850;ERS14712416;GROS22.2
TL1;195;134;Twielenfleth;3;651;Light_fraction;Nov-22;138;5,546;1,755;13,1;4,617,549,352;1,090,694,131;476,216,747;6,093,610,581;2,806,242,192;0,78551216;SAMEA112714851;ERS14712417;GROS22.2
TL2;196;152;Twielenfleth;3;651;Light_fraction;Nov-22;138;;;;0;0;5,100,919,589;5,986,584,549;2,642,266,528;0,88370118;SAMEA112714852;ERS14712418;GROS22.2
TH1;197;8,5;Twielenfleth;3;651;Heavy_fraction;Nov-22;358;5,546;1,755;13,1;4,617,549,352;1,090,694,131;1,131,824,834;1,409,994,327;3,347,263,692;24,547,255;SAMEA112714853;ERS14712419;GROS22.2
TH2;198;149;Twielenfleth;3;651;Heavy_fraction;Nov-22;358;;;;0;0;;;;;SAMEA112714854;ERS14712420;GROS22.2
TF1;199;0,276;Twielenfleth;3;651;Free_living;Nov-22;;5,546;1,755;13,1;4,617,549,352;1,090,694,131;;;;;SAMEA112714855;ERS14712421;GROS22.2
TF2;200;0,353;Twielenfleth;3;651;Free_living;Nov-22;;;;;0;0;;;;;SAMEA112714856;ERS14712422;GROS22.2
BbL1;201;14;Brunsbuettel;5;694;Light_fraction;Nov-22;35;3,636;1,351;10,78;3,027,300,657;897,533,033;1,146,847,754;1,331,443,111;2,556,842,081;0,39275608;SAMEA112714857;ERS14712423;GROS22.2
BbL2;202;28;Brunsbuettel;5;694;Light_fraction;Nov-22;35;;;;0;0;1,155,684,765;0;1,258,783,236;0,39275608;SAMEA112714858;ERS14712424;GROS22.2
BbH1;203;34;Brunsbuettel;5;694;Heavy_fraction;Nov-22;38;3,636;1,351;10,78;3,027,300,657;897,533,033;1,420,795,119;1,535,676,273;2,512,657,022;0,29456706;SAMEA112714859;ERS14712425;GROS22.2
BbH2;204;20;Brunsbuettel;5;694;Heavy_fraction;Nov-22;38;;;;0;0;1,403,121,096;1,738,927,544;2,876,938,286;0,29456706;SAMEA112714860;ERS14712426;GROS22.2
BbF1;205;2,65;Brunsbuettel;5;694;Free_living;Nov-22;;3,636;1,351;10,78;3,027,300,657;897,533,033;;;;;SAMEA112714861;ERS14712427;GROS22.2
BbF2;206;1,28;Brunsbuettel;5;694;Free_living;Nov-22;;;;;0;0;;;;;SAMEA112714862;ERS14712428;GROS22.2
